DATE;TMED;VOL1
01.01.2009;-7;255
02.01.2009;-10.75;274.2
03.01.2009;-11.4;270
04.01.2009;-8.7;265.6
05.01.2009;-13.4;266
06.01.2009;-17.1;298.4
07.01.2009;-16.95;290
08.01.2009;-12.25;271.9
09.01.2009;-10.9;270
10.01.2009;-4.6;264.6
11.01.2009;-10.7;265
12.01.2009;-3.7;236
13.01.2009;-4;242.3
14.01.2009;-3.55;228.5
15.01.2009;0.5;221
16.01.2009;0;212
17.01.2009;0.05;210
18.01.2009;-2.1;229.5
19.01.2009;-7;236.5
20.01.2009;-6.25;230.1
21.01.2009;-5.25;233.6
22.01.2009;-1.6;219.5
23.01.2009;-1.4;215
24.01.2009;-1.15;215
25.01.2009;-1.3;132.1
26.01.2009;-0.05;155.2
27.01.2009;0.15;163
28.01.2009;0.55;152.6
29.01.2009;0.1;152
30.01.2009;-1;158.9
31.01.2009;-2.9;140
01.02.2009;-9.2;118
02.02.2009;-15.3;147.9
03.02.2009;-9.9;132.4
04.02.2009;-4.75;119
05.02.2009;-1.05;102
06.02.2009;0.4;100.9
07.02.2009;1.3;98
08.02.2009;1.55;91.2
09.02.2009;2.1;97.1
10.02.2009;2.2;96.9
11.02.2009;0.5;96.5
12.02.2009;0.8;96.3
13.02.2009;0.05;98.1
14.02.2009;1.65;95
15.02.2009;0.35;93.1
16.02.2009;0.35;96.4
17.02.2009;-1.6;109.8
18.02.2009;-5.45;111.2
19.02.2009;-2.15;110
20.02.2009;-3.9;111.6
21.02.2009;-5.1;109
22.02.2009;-10.65;109
23.02.2009;-10.6;180.5
24.02.2009;-6.3;126.3
25.02.2009;-7.6;125
26.02.2009;-7.5;125.3
27.02.2009;-4.8;115
28.02.2009;-2.15;114
01.03.2009;-2.5;103.5
02.03.2009;-4;107.4
03.03.2009;-0.75;106.4
04.03.2009;-2.15;105
05.03.2009;-1.95;106.8
06.03.2009;-5.4;113.4
07.03.2009;-1.95;109
08.03.2009;0.3;96
09.03.2009;1.75;93.8
10.03.2009;1.5;93.3
11.03.2009;2;92.3
12.03.2009;3.05;90
13.03.2009;3.65;86.6
14.03.2009;1.5;86
15.03.2009;0;110.7
16.03.2009;-2.85;101
17.03.2009;-2.4;95.8
18.03.2009;0.9;96.7
19.03.2009;-0.15;98.2
20.03.2009;3.35;90
21.03.2009;1.2;89
22.03.2009;-0.15;101.7
23.03.2009;-3.55;97.6
24.03.2009;0.55;95
25.03.2009;2.25;92.7
26.03.2009;-0.15;93.8
27.03.2009;1.2;90
28.03.2009;2.4;90
29.03.2009;5.5;79.1
30.03.2009;6.3;76
31.03.2009;6.2;75.4
01.04.2009;6;69
02.04.2009;4.65;76.4
03.04.2009;3.8;71.2
04.04.2009;8.2;68
05.04.2009;5.4;68
06.04.2009;12.6;56.3
07.04.2009;9.8;51.2
08.04.2009;6.5;66.1
09.04.2009;5.05;66
10.04.2009;4.8;76.3
11.04.2009;2.5;70
12.04.2009;5.7;71.4
13.04.2009;7.65;58
14.04.2009;10.55;57
15.04.2009;10.75;55.9
16.04.2009;11.7;52.3
17.04.2009;6.4;48
18.04.2009;11.7;45
19.04.2009;6.15;48.4
20.04.2009;6.75;43.7
21.04.2009;5;51
22.04.2009;1.9;50
23.04.2009;5.1;44.6
24.04.2009;8.05;41.3
25.04.2009;8.9;42
26.04.2009;13.3;14.9
27.04.2009;16.45;15.9
28.04.2009;17.3;11.9
29.04.2009;18.3;10
30.04.2009;16.85;9
01.05.2009;13.25;21.3
02.05.2009;11.15;20
03.05.2009;13;11
04.05.2009;14.8;12.4
05.05.2009;14.2;16.5
06.05.2009;14.6;0
07.05.2009;12.6;17
08.05.2009;14.1;16
09.05.2009;14.9;5.6
10.05.2009;17.4;5
11.05.2009;16.55;6
12.05.2009;19.25;8.3
13.05.2009;11.25;25.4
14.05.2009;9.45;28.3
15.05.2009;7.15;34
16.05.2009;8.55;30
17.05.2009;7.65;31
18.05.2009;12.6;25.5
19.05.2009;12.2;52
20.05.2009;14.1;21.7
21.05.2009;16.8;13.4
22.05.2009;16.85;11.5
23.05.2009;15.95;10
24.05.2009;11.1;20.2
25.05.2009;12.1;20.6
26.05.2009;13.8;14.9
27.05.2009;16.4;12.8
28.05.2009;18.7;11.2
29.05.2009;18.7;10.3
30.05.2009;18.75;10
31.05.2009;19.15;8.4
01.06.2009;19.5;9
02.06.2009;20.15;10.6
03.06.2009;19.9;11.3
04.06.2009;15;12
05.06.2009;14.05;11
06.06.2009;12.55;8
07.06.2009;13.65;20
08.06.2009;19.25;13
09.06.2009;21.35;10.8
10.06.2009;24.1;10
11.06.2009;25.4;10
12.06.2009;23.25;7
13.06.2009;18.9;7
14.06.2009;14.85;11.2
15.06.2009;16.1;11.8
16.06.2009;18.15;11
17.06.2009;16.75;12.2
18.06.2009;12.8;12.5
19.06.2009;16.6;11.1
20.06.2009;22.5;10
21.06.2009;21.85;7.4
22.06.2009;23;9.8
23.06.2009;21.9;9
24.06.2009;24.25;12
25.06.2009;23.05;10.9
26.06.2009;24.3;9.3
27.06.2009;24.05;7
28.06.2009;22.25;10
29.06.2009;22;10.8
30.06.2009;21.9;11.1
01.07.2009;16.25;11.1
02.07.2009;18.5;11.4
03.07.2009;20.75;10.2
04.07.2009;17.5;7
05.07.2009;13.15;11.6
06.07.2009;14.55;13
07.07.2009;15;11.7
08.07.2009;16.55;12.5
09.07.2009;19.75;9.6
10.07.2009;20.3;10
11.07.2009;20.25;7
12.07.2009;21.8;10.1
13.07.2009;22.8;9.4
14.07.2009;21.45;12
15.07.2009;22.8;10.3
16.07.2009;25.85;11.1
17.07.2009;25.65;10.1
18.07.2009;25.25;7
19.07.2009;26.75;8.3
20.07.2009;23.8;8.9
21.07.2009;19.1;11.8
22.07.2009;17.75;13
23.07.2009;21;11.1
24.07.2009;23.3;11.4
25.07.2009;22.3;7
26.07.2009;20.8;12
27.07.2009;16.05;11.4
28.07.2009;17.55;13.4
29.07.2009;18.9;16.2
30.07.2009;21.6;18
31.07.2009;22.8;13.9
01.08.2009;22.4;10
02.08.2009;20;11.4
03.08.2009;19;12.1
04.08.2009;19.95;12.8
05.08.2009;18.3;12.8
06.08.2009;18.55;11.1
07.08.2009;16.3;11.6
08.08.2009;14.5;10
09.08.2009;14;12.8
10.08.2009;14.2;13.7
11.08.2009;16.05;13.4
12.08.2009;18.75;12.7
13.08.2009;17;13.3
14.08.2009;17.95;12.2
15.08.2009;17.35;11
16.08.2009;16.4;12.3
17.08.2009;20.05;12.2
18.08.2009;21.9;11.8
19.08.2009;18.55;11.4
20.08.2009;14.9;11.4
21.08.2009;13.05;11.5
22.08.2009;11.9;11
23.08.2009;18.65;18.2
24.08.2009;17;14.9
25.08.2009;15.15;12.8
26.08.2009;15.55;11.8
27.08.2009;18.55;12.9
28.08.2009;23;10.3
29.08.2009;18.5;8
30.08.2009;18.75;9.9
31.08.2009;17;52
01.09.2009;14.15;85
02.09.2009;20.05;105.7
03.09.2009;18.8;102
04.09.2009;18.7;107
05.09.2009;17.65;106
06.09.2009;17.8;120.8
07.09.2009;17.75;121.1
08.09.2009;20.9;118
09.09.2009;20.1;126.8
10.09.2009;21.25;125.3
11.09.2009;20.55;120.8
12.09.2009;18.35;120
13.09.2009;18.3;126.1
14.09.2009;18.1;126.8
15.09.2009;18.45;125.1
16.09.2009;18.55;126
17.09.2009;16.15;129.2
18.09.2009;13.95;131.9
19.09.2009;10.8;129
20.09.2009;11.1;135
21.09.2009;15;141.5
22.09.2009;15.45;138.6
23.09.2009;14.6;134.9
24.09.2009;16.15;142
25.09.2009;12.85;139.1
26.09.2009;9.85;138
27.09.2009;9.35;162.4
28.09.2009;15.05;147
29.09.2009;13.7;166.2
30.09.2009;7.8;165.5
01.10.2009;7.55;168.9
02.10.2009;10.25;173
03.10.2009;6.95;170
04.10.2009;7.95;185.2
05.10.2009;11.2;178
06.10.2009;8.7;186
07.10.2009;8.1;185.2
08.10.2009;11.45;189.2
09.10.2009;14.15;182.3
10.10.2009;7.05;182
11.10.2009;7.65;190
12.10.2009;10.55;177
13.10.2009;12.9;156.6
14.10.2009;12.9;178
15.10.2009;7.2;208.4
16.10.2009;7.9;209.4
17.10.2009;6.9;209
18.10.2009;4.5;209
19.10.2009;6.65;212.3
20.10.2009;5.95;221.7
21.10.2009;8.6;206.8
22.10.2009;10.9;208
23.10.2009;9;211.3
24.10.2009;10.1;210
25.10.2009;6.25;202.8
26.10.2009;5.9;221
27.10.2009;5.4;215
28.10.2009;4.1;209.5
29.10.2009;4.45;209.4
30.10.2009;2.55;228
31.10.2009;-2.25;225
01.11.2009;-2.35;235.9
02.11.2009;-1.25;236.9
03.11.2009;-2.65;236
04.11.2009;-4.15;262.6
05.11.2009;-0.2;251.6
06.11.2009;0.8;235.6
07.11.2009;4.45;236
08.11.2009;4.2;221.8
09.11.2009;2.1;238.1
10.11.2009;3.6;228.4
11.11.2009;4.95;220
12.11.2009;6.35;218.9
13.11.2009;7.65;211.1
14.11.2009;5.75;210
15.11.2009;5.2;224
16.11.2009;5.35;218.8
17.11.2009;2.4;224.8
18.11.2009;3.65;224.8
19.11.2009;4.5;219
20.11.2009;4.45;214.5
21.11.2009;3.7;214
22.11.2009;6.05;216.5
23.11.2009;4.15;225
24.11.2009;4.85;219.4
25.11.2009;6.25;216.3
26.11.2009;5.7;216.2
27.11.2009;5.5;223
28.11.2009;4.35;220
29.11.2009;5.65;230.6
30.11.2009;4.25;227.4
01.12.2009;4.7;223
02.12.2009;7.8;226.5
03.12.2009;3;233.6
04.12.2009;0.2;235.8
05.12.2009;1.1;230
06.12.2009;0.8;242
07.12.2009;-1.65;246.1
08.12.2009;-3.1;252.7
09.12.2009;-3.85;252.4
10.12.2009;-3.45;245.3
11.12.2009;-4.55;261.6
12.12.2009;-7.5;259
13.12.2009;-9.45;274.7
14.12.2009;-9.6;261.3
15.12.2009;-14.15;287.1
16.12.2009;-22.6;305.5
17.12.2009;-19.95;301
18.12.2009;-14.85;285.6
19.12.2009;-12.35;285
20.12.2009;-11.9;245.2
21.12.2009;-10.1;220
22.12.2009;-12.3;193.4
23.12.2009;-3.25;176.1
24.12.2009;-1.8;160.5
25.12.2009;0.6;156
26.12.2009;2.2;155
27.12.2009;1.25;140.9
28.12.2009;-2.15;106.2
29.12.2009;-1.15;114
30.12.2009;-2.95;121.6
31.12.2009;-7.4;128.3
01.01.2010;-8.85;128
02.01.2010;-7.4;138
03.01.2010;-11.4;136
04.01.2010;-17.35;168.6
05.01.2010;-21.2;165
06.01.2010;-13.2;147
07.01.2010;-5.2;146
08.01.2010;-2.15;98.4
09.01.2010;-3.3;100
10.01.2010;-2.9;138.6
11.01.2010;-4.85;127.5
12.01.2010;-6.6;129.9
13.01.2010;-5.9;127
14.01.2010;-8.35;137.1
15.01.2010;-11.8;148.4
16.01.2010;-12.6;145
17.01.2010;-16.6;171.7
18.01.2010;-17.15;165
19.01.2010;-15.7;165.7
20.01.2010;-16.65;167.6
21.01.2010;-16.15;171.9
22.01.2010;-20.05;174
23.01.2010;-21.5;173
24.01.2010;-22.4;188.4
25.01.2010;-18.75;172.3
26.01.2010;-16.5;170.3
27.01.2010;-18.35;169.4
28.01.2010;-14.25;161.1
29.01.2010;-11.1;149.8
30.01.2010;-9.25;148
31.01.2010;-5.6;117.8
01.02.2010;0.8;112
02.02.2010;-1.8;119.9
03.02.2010;-6.65;126
04.02.2010;-7;135.8
05.02.2010;-11.1;151.8
06.02.2010;-14.65;152
07.02.2010;-13.9;158
08.02.2010;-12.55;148.6
09.02.2010;-6.8;137.9
10.02.2010;-7.1;135.7
11.02.2010;-7.65;144
12.02.2010;-9.65;147.6
13.02.2010;-8.9;145
14.02.2010;-4.3;124.6
15.02.2010;-1.2;114
16.02.2010;-4.15;122
17.02.2010;-5;117.7
18.02.2010;-3.45;115.2
19.02.2010;-2.65;110
20.02.2010;-0.15;106
21.02.2010;1.35;91.2
22.02.2010;-2.05;95
23.02.2010;-1.65;97.2
24.02.2010;-0.05;99.7
25.02.2010;0.35;100.2
26.02.2010;-2.95;105.5
27.02.2010;-3.15;102
28.02.2010;-3;113
01.03.2010;-0.85;103.1
02.03.2010;1.9;98.8
03.03.2010;0.2;104.9
04.03.2010;-3.8;108.2
05.03.2010;-2.15;108.4
06.03.2010;-4.9;112.3
07.03.2010;-3.7;110
08.03.2010;-7;129.8
09.03.2010;-7.75;129.3
10.03.2010;-7.25;123.6
11.03.2010;-2.9;112.7
12.03.2010;-3.05;111.7
13.03.2010;-1.7;110
14.03.2010;-1.6;101.1
15.03.2010;-5.35;117
16.03.2010;-6.55;120.6
17.03.2010;-7.5;125.7
18.03.2010;-8.85;122.7
19.03.2010;-3.3;109
20.03.2010;3.9;103
21.03.2010;4.2;84.3
22.03.2010;4.05;83.6
23.03.2010;0.5;92.2
24.03.2010;1.25;91
25.03.2010;3.9;84.5
26.03.2010;3.55;80.1
27.03.2010;4.5;78
28.03.2010;4.8;73.9
29.03.2010;4.15;76.7
30.03.2010;4.1;75.9
31.03.2010;8.45;69.9
01.04.2010;9.35;66.4
02.04.2010;8.15;66.7
03.04.2010;7.7;62
04.04.2010;9.4;61.8
05.04.2010;9.6;54.8
06.04.2010;10.4;54.3
07.04.2010;10.55;53.6
08.04.2010;9.6;53.2
09.04.2010;5.3;72.2
10.04.2010;7.25;66
11.04.2010;10.35;51.5
12.04.2010;9.65;51.4
13.04.2010;9.65;54.3
14.04.2010;9.3;53.9
15.04.2010;12.15;34.1
16.04.2010;12.35;30
17.04.2010;8.95;29
18.04.2010;9.55;37.6
19.04.2010;12.8;31
20.04.2010;13.3;26.3
21.04.2010;11.7;31.1
22.04.2010;10.55;32.8
23.04.2010;5.75;43.5
24.04.2010;10.15;39
25.04.2010;7.6;32.1
26.04.2010;6.35;35.6
27.04.2010;9;30.7
28.04.2010;12;35
29.04.2010;11.6;25.8
30.04.2010;13.65;22.3
01.05.2010;17.6;22
02.05.2010;18.4;7
03.05.2010;18.35;5
04.05.2010;18.9;7.1
05.05.2010;17.6;6.9
06.05.2010;19.55;7
07.05.2010;20.05;6.1
08.05.2010;20.7;6
09.05.2010;18.15;3.8
10.05.2010;18.75;6.6
11.05.2010;19.9;7.4
12.05.2010;18.65;8.6
13.05.2010;18.7;10.8
14.05.2010;18.4;9.5
15.05.2010;17.45;8
16.05.2010;18.85;9.8
17.05.2010;18.9;11.7
18.05.2010;17.7;10.6
19.05.2010;16.95;10.1
20.05.2010;16.55;12.9
21.05.2010;15.95;13.6
22.05.2010;13.8;12
23.05.2010;15.05;12.3
24.05.2010;17.2;12.4
25.05.2010;15.1;14.2
26.05.2010;12.15;17.5
27.05.2010;12.65;14.9
28.05.2010;15.3;13.5
29.05.2010;17.2;13
30.05.2010;18.85;7.2
31.05.2010;17.35;11.1
01.06.2010;20.3;11.1
02.06.2010;22.25;9.6
03.06.2010;22.2;9.9
04.06.2010;20.4;10.6
05.06.2010;17.5;9
06.06.2010;15.1;9.9
07.06.2010;17.05;11.2
08.06.2010;20.45;9.8
09.06.2010;22.65;10
10.06.2010;20.85;10.9
11.06.2010;24.15;10.6
12.06.2010;27.25;9
13.06.2010;26.95;6
14.06.2010;20.2;9.3
15.06.2010;20.4;10.7
16.06.2010;19.5;12.7
17.06.2010;14.6;12.9
18.06.2010;15.15;12.1
19.06.2010;17.3;10
20.06.2010;19.9;8.4
21.06.2010;22.4;10.7
22.06.2010;21.65;11.7
23.06.2010;23.55;10
24.06.2010;23.25;13.1
25.06.2010;22.65;10.4
26.06.2010;24.4;9
27.06.2010;25.15;8
28.06.2010;26.3;9
29.06.2010;24.35;10.1
30.06.2010;24.45;10.9
01.07.2010;23.65;10
02.07.2010;23;10.6
03.07.2010;21.35;8
04.07.2010;23.6;10
05.07.2010;23.9;10
06.07.2010;20.25;11
07.07.2010;21.45;10.9
08.07.2010;22.8;11.2
09.07.2010;24.75;12
10.07.2010;25.95;10
11.07.2010;24.85;8.3
12.07.2010;23.9;11.1
13.07.2010;26.75;10
14.07.2010;25.8;11.2
15.07.2010;24.25;5.5
16.07.2010;27.1;10
17.07.2010;27.85;8
18.07.2010;28.95;10.3
19.07.2010;29.3;9.7
20.07.2010;28.95;9.9
21.07.2010;28.55;9
22.07.2010;27.15;10.4
23.07.2010;27.2;9.3
24.07.2010;27.25;8
25.07.2010;26.45;7
26.07.2010;26.5;10.1
27.07.2010;27.45;10
28.07.2010;29.15;10.5
29.07.2010;23.1;11
30.07.2010;23.85;8.7
31.07.2010;26.7;8
01.08.2010;28.7;7.2
02.08.2010;30.45;8.4
03.08.2010;30.4;10.1
04.08.2010;29.3;10
05.08.2010;29.95;10.2
06.08.2010;29.7;10
07.08.2010;30.9;9
08.08.2010;30.6;7.1
09.08.2010;30.65;9.7
10.08.2010;30.6;10
11.08.2010;26.25;10.3
12.08.2010;27.55;10.1
13.08.2010;28.8;9.5
14.08.2010;27.65;7
15.08.2010;27.05;8.5
16.08.2010;27.6;10.1
17.08.2010;27.9;10.6
18.08.2010;24.8;11
19.08.2010;20.55;11.4
20.08.2010;17;12.4
21.08.2010;14.75;11
22.08.2010;18.45;2
23.08.2010;23.15;7.9
24.08.2010;24.4;9.2
25.08.2010;25.15;13.1
26.08.2010;18.6;14
27.08.2010;17.5;15.4
28.08.2010;20;10
29.08.2010;16.75;9.9
30.08.2010;15.55;11
31.08.2010;15.85;10.4
01.09.2010;20.85;10
02.09.2010;18.4;12.2
03.09.2010;12.6;17
04.09.2010;14.1;15
05.09.2010;12.3;20.2
06.09.2010;13.4;16.3
07.09.2010;11.65;68
08.09.2010;11.85;105.4
09.09.2010;10.95;123.7
10.09.2010;13.25;129.1
11.09.2010;15.05;125
12.09.2010;16.9;133
13.09.2010;17.65;136
14.09.2010;17.85;139.8
15.09.2010;19.45;143
16.09.2010;19.7;138.4
17.09.2010;18.85;138
18.09.2010;15.25;137
19.09.2010;13.3;144
20.09.2010;11.35;150.9
21.09.2010;11.3;153
22.09.2010;13.3;148.8
23.09.2010;11.95;154
24.09.2010;12;158.7
25.09.2010;12.7;157
26.09.2010;14.5;157.5
27.09.2010;15.25;148
28.09.2010;17.3;144.8
29.09.2010;12.7;155.1
30.09.2010;9.05;172.3
01.10.2010;7.4;183
02.10.2010;7.5;178
03.10.2010;6.75;194.1
04.10.2010;3.8;189.6
05.10.2010;1.75;198
06.10.2010;-0.05;212
07.10.2010;4.55;202.1
08.10.2010;7.75;195.1
09.10.2010;7.75;195
10.10.2010;9.1;202.2
11.10.2010;8.3;210.4
12.10.2010;3.8;221.9
13.10.2010;2.9;222
14.10.2010;3.75;235.8
15.10.2010;5.3;236
16.10.2010;3.25;235
17.10.2010;5.25;231
18.10.2010;6.75;231.5
19.10.2010;4.45;230.6
20.10.2010;6.8;196.8
21.10.2010;8.95;222
22.10.2010;3.95;230.9
23.10.2010;4.9;225
24.10.2010;5.1;238.6
25.10.2010;5.35;242
26.10.2010;6.6;225.4
27.10.2010;5.1;224
28.10.2010;0.95;234.7
29.10.2010;2.25;240
30.10.2010;6.2;230
31.10.2010;5.8;219.5
01.11.2010;4.85;226.5
02.11.2010;5.25;225
03.11.2010;6.4;225
04.11.2010;8.55;221.4
05.11.2010;8.75;219.7
06.11.2010;8.2;220
07.11.2010;5.8;222.9
08.11.2010;5.75;222.1
09.11.2010;11.6;214.5
10.11.2010;14.8;209
11.11.2010;11.8;201.4
12.11.2010;10;204.1
13.11.2010;9;203
14.11.2010;12.45;209
15.11.2010;9.7;211.7
16.11.2010;8.95;206
17.11.2010;8.6;209.6
18.11.2010;8.4;217
19.11.2010;6.55;222.9
20.11.2010;7.8;216
21.11.2010;7.25;215
22.11.2010;6.85;217
23.11.2010;5.4;235.9
24.11.2010;6.3;207.7
25.11.2010;2.55;239.4
26.11.2010;1.2;247
27.11.2010;0.15;240
28.11.2010;-2.65;262.5
29.11.2010;-1.4;258.7
30.11.2010;-7.6;283.8
01.12.2010;-16.1;303.2
02.12.2010;-18.75;307.8
03.12.2010;-9.9;279.1
04.12.2010;-1.95;270
05.12.2010;-2.45;239.7
06.12.2010;-8.7;190.6
07.12.2010;-1.85;165.5
08.12.2010;1.4;154.6
09.12.2010;3.3;144.6
10.12.2010;1.25;161.8
11.12.2010;-4.2;150
12.12.2010;-6.25;190
13.12.2010;-4.3;166.2
14.12.2010;-5.9;126.8
15.12.2010;-6.85;126.7
16.12.2010;-8.1;131.7
17.12.2010;-9.6;135
18.12.2010;-4.25;130
19.12.2010;-3.25;122.1
20.12.2010;-4.9;124
21.12.2010;-1.75;118.2
22.12.2010;-3.95;118.1
23.12.2010;-0.05;108.4
24.12.2010;1.55;105
25.12.2010;4.2;104
26.12.2010;3;95.2
27.12.2010;-0.75;108.7
28.12.2010;-2.2;111
29.12.2010;-4.65;125.9
30.12.2010;-8.85;140.2
31.12.2010;-6.75;132
01.01.2011;-5.6;130
02.01.2011;-2.25;108.8
03.01.2011;-4.8;113
04.01.2011;-10.8;155.6
05.01.2011;-11.4;150
06.01.2011;-9.8;137.7
07.01.2011;-12.15;143
08.01.2011;-5.45;128.7
09.01.2011;-1.8;125
10.01.2011;-2.05;112.2
11.01.2011;-2.6;116.9
12.01.2011;-4.75;120.5
13.01.2011;-3.25;112.8
14.01.2011;-1.15;110.9
15.01.2011;-3.9;110
16.01.2011;-6.15;131.8
17.01.2011;-9.05;132
18.01.2011;-8.35;133.4
19.01.2011;-11;137.7
20.01.2011;-6.5;127.1
21.01.2011;-5.55;127
22.01.2011;-4.2;126
23.01.2011;-6.2;123.9
24.01.2011;-8.35;132.5
25.01.2011;-10.95;139
26.01.2011;-12.75;142.7
27.01.2011;-9.65;136.6
28.01.2011;-8.3;136.7
29.01.2011;-7.25;136
30.01.2011;-8;133
31.01.2011;-4.4;0
01.02.2011;-5.65;128.6
02.02.2011;-5;121.2
03.02.2011;-2.6;118.1
04.02.2011;-1.75;115
05.02.2011;0.75;115
06.02.2011;1.45;105.9
07.02.2011;-1.25;110.3
08.02.2011;1.15;108.8
09.02.2011;1.05;112.7
10.02.2011;-5.15;132.3
11.02.2011;-11.45;135.3
12.02.2011;-5.85;130
13.02.2011;-9.7;155.1
14.02.2011;-15.65;162
15.02.2011;-16.8;163.4
16.02.2011;-16.3;161.7
17.02.2011;-15;163.6
18.02.2011;-16.7;167
19.02.2011;-18.55;163
20.02.2011;-18.55;172.8
21.02.2011;-16.8;0
22.02.2011;-14.45;170
23.02.2011;-13.8;169.4
24.02.2011;-12.9;167
25.02.2011;-12.65;165.5
26.02.2011;-15.4;165
27.02.2011;-13.55;167.5
28.02.2011;-14.2;165.1
01.03.2011;-12.75;158.5
02.03.2011;-10.55;151.4
03.03.2011;-6.8;140.3
04.03.2011;-6.95;132.3
05.03.2011;-2.75;132
06.03.2011;-1.85;109.2
07.03.2011;-6.8;115
08.03.2011;-7.2;140.3
09.03.2011;-7.15;128.6
10.03.2011;-7.6;126.3
11.03.2011;-7.1;118
12.03.2011;0.35;115
13.03.2011;2.25;94.6
14.03.2011;4.1;95.8
15.03.2011;4;96.6
16.03.2011;0.15;104.2
17.03.2011;-1.4;102.6
18.03.2011;-2.4;103
19.03.2011;-1.45;100
20.03.2011;-1.95;106.4
21.03.2011;1.45;97.8
22.03.2011;0.2;98
23.03.2011;3.85;97.1
24.03.2011;2.9;100.8
25.03.2011;0.65;100.9
26.03.2011;-0.95;98
27.03.2011;-2.8;106.5
28.03.2011;-0.95;103
29.03.2011;1.35;100.4
30.03.2011;5.4;88
31.03.2011;3.65;86.8
01.04.2011;0.65;95
02.04.2011;7.55;90
03.04.2011;5.65;73.5
04.04.2011;4.75;81.2
05.04.2011;6.9;76.9
06.04.2011;6.7;75.3
07.04.2011;6.65;76.5
08.04.2011;5.7;80.8
09.04.2011;2.75;78
10.04.2011;3.85;98.5
11.04.2011;4.3;85
12.04.2011;3.8;82.7
13.04.2011;6.15;81.3
14.04.2011;4.95;83.8
15.04.2011;4.05;83
16.04.2011;4.25;80
17.04.2011;6.75;80.3
18.04.2011;11.35;64.4
19.04.2011;10.2;66
20.04.2011;4.35;71.4
21.04.2011;6.2;67.9
22.04.2011;10.5;60.7
23.04.2011;12.35;60
24.04.2011;14.65;32.7
25.04.2011;15.6;11.5
26.04.2011;16.9;16.9
27.04.2011;16.7;15
28.04.2011;15.4;14.7
29.04.2011;15.25;14
30.04.2011;15.6;13
01.05.2011;14.7;7
02.05.2011;15.2;10
03.05.2011;17.5;7
04.05.2011;17.4;7.6
05.05.2011;15.45;8
06.05.2011;11.7;21.6
07.05.2011;10.15;25.1
08.05.2011;12.65;23
09.05.2011;15.4;10
10.05.2011;12.05;20.3
11.05.2011;16.25;7.6
12.05.2011;16.9;7
13.05.2011;17.75;5
14.05.2011;15.15;4
15.05.2011;12.35;14.8
16.05.2011;13.15;10.3
17.05.2011;14.7;14
18.05.2011;15.75;6.9
19.05.2011;18.05;7.3
20.05.2011;18.35;6.7
21.05.2011;19.05;6
22.05.2011;21.2;3.9
23.05.2011;21.3;5.5
24.05.2011;19.6;5.9
25.05.2011;19.25;4
26.05.2011;12.75;9.3
27.05.2011;14.5;34.4
28.05.2011;19.55;33
29.05.2011;20.25;74
30.05.2011;22.4;66
31.05.2011;22.95;88.1
01.06.2011;22.9;97.6
02.06.2011;21.9;96
03.06.2011;22.6;97.5
04.06.2011;19.2;95
05.06.2011;17.55;106.3
06.06.2011;20.45;110
07.06.2011;21.2;103.2
08.06.2011;21.05;112.3
09.06.2011;20.1;108.1
10.06.2011;20.1;109
11.06.2011;19.65;109
12.06.2011;20.5;104
13.06.2011;20.5;107.7
14.06.2011;21.05;112
15.06.2011;19.5;109.3
16.06.2011;21.75;108
17.06.2011;20.8;110.7
18.06.2011;21.85;109
19.06.2011;24.55;111.1
20.06.2011;20.6;109.6
21.06.2011;17.7;109
22.06.2011;17;102
23.06.2011;19.6;63.1
24.06.2011;22.85;55.5
25.06.2011;22.1;40
26.06.2011;17.55;1.5
27.06.2011;17.5;1.9
28.06.2011;16.45;3.2
29.06.2011;19.05;2.5
30.06.2011;19.95;4
01.07.2011;20.3;1
02.07.2011;19.6;0.7
03.07.2011;20;7.9
04.07.2011;20.75;5
05.07.2011;19.85;10.1
06.07.2011;18.85;9.9
07.07.2011;19;9.4
08.07.2011;20.7;10
09.07.2011;21.35;9
10.07.2011;21.75;9.9
11.07.2011;22.45;10.3
12.07.2011;21.95;10
13.07.2011;23.9;10
14.07.2011;23.7;9.1
15.07.2011;24.3;8.4
16.07.2011;25.8;8
17.07.2011;24.45;9.1
18.07.2011;24.85;9.6
19.07.2011;23.85;10.3
20.07.2011;23.8;11
21.07.2011;24.95;10
22.07.2011;23.25;10
23.07.2011;23.55;9.8
24.07.2011;20.6;10
25.07.2011;24.5;11
26.07.2011;24.1;9.3
27.07.2011;26.5;9.3
28.07.2011;22.95;9
29.07.2011;22.3;8.9
30.07.2011;21.95;9
31.07.2011;20.15;9.4
01.08.2011;18.55;8.3
02.08.2011;18.7;10.5
03.08.2011;14.6;11.2
04.08.2011;14.15;14.5
05.08.2011;16.4;12.8
06.08.2011;17.35;12
07.08.2011;18.95;17.8
08.08.2011;20.05;11.5
09.08.2011;23.05;9.8
10.08.2011;20.4;11.8
11.08.2011;18.85;15.6
12.08.2011;20.15;16.1
13.08.2011;24.35;14
14.08.2011;23.5;10.3
15.08.2011;23.1;12.7
16.08.2011;22.95;10.9
17.08.2011;21.55;12.6
18.08.2011;17.9;15.2
19.08.2011;18.1;45.5
20.08.2011;17.2;46
21.08.2011;15.9;68.6
22.08.2011;17.7;100.1
23.08.2011;18.1;111.5
24.08.2011;17.5;112
25.08.2011;16.05;120.9
26.08.2011;15.85;134.4
27.08.2011;16.1;130
28.08.2011;18.25;142.5
29.08.2011;19.25;135.7
30.08.2011;20.35;136.3
31.08.2011;21.95;138
01.09.2011;18.65;134.3
02.09.2011;15.45;141.6
03.09.2011;16;138
04.09.2011;14.15;128.8
05.09.2011;14.55;117.9
06.09.2011;14.8;124
07.09.2011;15.45;139.5
08.09.2011;15.7;150.7
09.09.2011;12.75;154.9
10.09.2011;12.8;150
11.09.2011;13.65;159.1
12.09.2011;14.45;159.8
13.09.2011;13.75;168.3
14.09.2011;18.65;153
15.09.2011;17.75;157.8
16.09.2011;13.85;156.8
17.09.2011;10.5;156
18.09.2011;13.35;171
19.09.2011;11.9;176.9
20.09.2011;14;181.1
21.09.2011;17.4;168.1
22.09.2011;15.05;168
23.09.2011;17.55;172.4
24.09.2011;13.7;170
25.09.2011;11.05;177.8
26.09.2011;13.7;174
27.09.2011;15.1;169.4
28.09.2011;13.45;170.7
29.09.2011;10.15;177
30.09.2011;10.15;183
01.10.2011;13.75;179
02.10.2011;7.9;203.3
03.10.2011;6;196.2
04.10.2011;12.25;191
05.10.2011;15.25;174.8
06.10.2011;12.2;178.2
07.10.2011;16;172.4
08.10.2011;16.65;172
09.10.2011;13.35;187.1
10.10.2011;13.35;157.4
11.10.2011;8.9;189.3
12.10.2011;10.95;194
13.10.2011;7.15;205.6
14.10.2011;5.55;211.8
15.10.2011;4.05;210
16.10.2011;2.65;256
17.10.2011;1.35;255.8
18.10.2011;0;247.4
19.10.2011;1.6;242.1
20.10.2011;4.45;238.5
21.10.2011;5.6;240.5
22.10.2011;4.25;238
23.10.2011;3.65;233.9
24.10.2011;6.4;240.2
25.10.2011;2.3;269.5
26.10.2011;1.7;258.8
27.10.2011;2.7;242.8
28.10.2011;4.35;249
29.10.2011;4.2;250
30.10.2011;4.2;263
31.10.2011;4.75;247.4
01.11.2011;7.75;235.3
02.11.2011;7.1;231.6
03.11.2011;5.35;231.8
04.11.2011;5.95;233.6
05.11.2011;6.8;231
06.11.2011;0.1;255.7
07.11.2011;-5.1;264.3
08.11.2011;-0.15;259.1
09.11.2011;1.95;258
10.11.2011;-0.35;260.2
11.11.2011;-1.65;254.3
12.11.2011;0.1;254
13.11.2011;-0.1;248
14.11.2011;-0.25;267.5
15.11.2011;0.15;266.6
16.11.2011;-2.8;265
17.11.2011;-1.2;261.7
18.11.2011;0.35;254.9
19.11.2011;-0.2;254
20.11.2011;1.5;269.6
21.11.2011;-2.55;261
22.11.2011;-2.35;268.6
23.11.2011;-3.85;276.1
24.11.2011;-6.6;272.6
25.11.2011;-2.6;0
26.11.2011;0.45;263
27.11.2011;1.75;254.9
28.11.2011;4.1;249.5
29.11.2011;2.6;257
